955520260362,伟德补鞋胶.,694683650412,家具保护垫套装.,3
942190389223,伊利睿护2段奶粉,871620071922,美素佳儿2段奶粉,3
942190389223,伊利睿护2段奶粉,871204503064,美赞臣铂睿2罐装,3
942190389223,伊利睿护2段奶粉,761303526023,惠氏启赋2段奶粉,3
942190389223,伊利睿护2段奶粉,871620071300,皇家美素2段奶粉,3
942190389223,伊利睿护2段奶粉,400897652760,爱宝美2段.,3
942190389223,伊利睿护2段奶粉,871204503067,安婴宝荷兰版400.,3
942190389223,伊利睿护2段奶粉,761303502395,惠氏铂臻健儿乐,3
942190389223,伊利睿护2段奶粉,871811760285,诺贝能2段.,3
942190389223,伊利睿护2段奶粉,761303526021,惠氏启赋罐装奶粉2,3
942190389223,伊利睿护2段奶粉,871204503178,蓝臻较大婴儿奶粉,3
942190389223,伊利睿护2段奶粉,539152305420,雅培铂优2段奶粉,3
942190389223,伊利睿护2段奶粉,691645700232,美赞臣安婴宝罐装.,3
942190389223,伊利睿护2段奶粉,871811760593,爱宝美白金版奶粉2,3
942190389223,伊利睿护2段奶粉,761303598225,惠氏启赋有机奶粉2,3
942190389223,伊利睿护2段奶粉,871204503049,安婴宝亲舒罐850G,3
942190389223,伊利睿护2段奶粉,376017040004,合生元较大婴儿.,3
942190389223,伊利睿护2段奶粉,694975632035,惠氏金装健儿乐奶粉,3
942190389223,伊利睿护2段奶粉,376017040007,合生元超金/派星2,3
942190389223,伊利睿护2段奶粉,871204503048,安婴宝亲舒罐400G,3
942190389223,伊利睿护2段奶粉,871204503177,蓝臻较大婴儿奶粉,3
942190389223,伊利睿护2段奶粉,761303639746,惠氏启赋蕴淳2段,3
942190389223,伊利睿护2段奶粉,693290470927,雅培亲护2段奶粉.,3
942190389223,伊利睿护2段奶粉,694975632036,惠氏金装健儿乐奶粉,3
942190389223,伊利睿护2段奶粉,871204503661,美赞臣铂睿2箱装,3
942190389223,伊利睿护2段奶粉,692224470005,雅培亲体2段听,3
942190389223,伊利睿护2段奶粉,571244900005,雅培菁智奶粉2.,3
942190389223,伊利睿护2段奶粉,539152305129,雅培菁挚纯净2段,3
942190389223,伊利睿护2段奶粉,690799263426,金领冠珍护2段奶,3
942190389223,伊利睿护2段奶粉,376017901012,合生元阿尔法星2,3
942190389223,伊利睿护2段奶粉,370103241015,圣元优博瑞慕2段,3
942190389223,伊利睿护2段奶粉,376017901009,合生元超呵较大婴..,3
942190389223,伊利睿护2段奶粉,370103241045,圣元盖诺安2段,3
942190389223,伊利睿护2段奶粉,692229857398,圣元优博盖诺安2,3
942190389223,伊利睿护2段奶粉,690799263368,呵护较大婴儿奶粉.,3
942190389223,伊利睿护2段奶粉,691787805278,雀巢能恩2段奶粉,3
942190389223,伊利睿护2段奶粉,690459100325,贝因美爱+2段罐.,3
942190389223,伊利睿护2段奶粉,690459100902,贝经典优选大婴奶粉,3
942190389223,伊利睿护2段奶粉,871620071927,美素佳儿3段奶粉,3
942190389223,伊利睿护2段奶粉,690164205104,享氏超值装营养米粉,3
942190389223,伊利睿护2段奶粉,692195665520,亨氏西兰花香菇面.,3
942190389223,伊利睿护2段奶粉,871620071932,美素佳儿4段奶粉,3
942190389223,伊利睿护2段奶粉,871204503129,美赞臣铂睿3罐装,3
942190389223,伊利睿护2段奶粉,692195665612,亨氏苹果草莓Q.,3
942190389223,伊利睿护2段奶粉,690164204512,亨氏蔬菜磨牙棒.,3
942190389223,伊利睿护2段奶粉,692195665504,菠菜面条.,3
942190389223,伊利睿护2段奶粉,691787803110,嘉宝营养配方米粉,3
942190389223,伊利睿护2段奶粉,692195665614,亨氏苹果蓝莓Q.,3
942190389223,伊利睿护2段奶粉,690164288880,亨氏铁锌钙米粉,3
942190389222,伊利睿护1段奶粉,34570700123,惠氏金装爱儿复奶粉,3
942190389222,伊利睿护1段奶粉,871620071916,美素力1段奶粉,3
942190389222,伊利睿护1段奶粉,871620071918,美素力1段奶粉,3
942190389222,伊利睿护1段奶粉,871204503063,安婴儿荷兰版850.,3
942190389222,伊利睿护1段奶粉,871204503066,安婴儿荷兰版400.,3
942190389222,伊利睿护1段奶粉,761303526026,惠氏启赋1段奶粉,3
942190389222,伊利睿护1段奶粉,871620071298,皇家美素1段奶粉,3
942190389222,伊利睿护1段奶粉,871204503175,美赞臣蓝臻奶粉,3
942190389222,伊利睿护1段奶粉,871620071333,皇家美素力1段,3
942190389222,伊利睿护1段奶粉,871204503176,蓝臻婴儿配方奶粉,3
942190389222,伊利睿护1段奶粉,761303502437,惠氏铂臻爱儿乐,3
942190389222,伊利睿护1段奶粉,693290470987,雅培亲护3段奶粉.,3
942190389222,伊利睿护1段奶粉,400897652686,爱他美1段,3
942190389222,伊利睿护1段奶粉,539152305487,雅培亲体1段奶粉.,3
942190389222,伊利睿护1段奶粉,761303526032,惠氏启赋1段奶粉,3
942190389222,伊利睿护1段奶粉,871811760178,诺优能1段,3
942190389222,伊利睿护1段奶粉,761303639744,惠氏启赋蕴淳1段,3
942190389222,伊利睿护1段奶粉,571244900003,雅培菁智奶粉1段.,3
942190389222,伊利睿护1段奶粉,871811760592,爱他美卓萃奶粉1,3
942190389222,伊利睿护1段奶粉,691645700228,美赞臣安婴儿罐装.,3
942190389222,伊利睿护1段奶粉,693290470914,雅培亲护1段奶粉.,3
942190389222,伊利睿护1段奶粉,376017040010,合生元超金奶粉,3
942190389222,伊利睿护1段奶粉,539152305419,雅培亲体爱尔兰1,3
942190389222,伊利睿护1段奶粉,871204503046,安婴儿亲舒罐 400,3
942190389222,伊利睿护1段奶粉,376017901074,合生元金装奶粉,3
942190389222,伊利睿护1段奶粉,694975631034,惠氏爱儿乐1段400,3
942190389222,伊利睿护1段奶粉,376017040003,合生元金装1段.,3
942190389222,伊利睿护1段奶粉,693290470904,雅培亲护1段奶粉.,3
942190389222,伊利睿护1段奶粉,376017040006,合生元超金/派星1,3
942190389222,伊利睿护1段奶粉,30008718004,惠氏金装爱儿加奶粉,3
942190389222,伊利睿护1段奶粉,871204503047,安婴儿亲舒罐850,3
942190389222,伊利睿护1段奶粉,761303598223,惠氏启赋有机奶粉1,3
942190389222,伊利睿护1段奶粉,694975631035,惠氏爱儿乐1段900,3
942190389222,伊利睿护1段奶粉,693290470929,雅培婴儿配方奶粉,3
942190389222,伊利睿护1段奶粉,571244900004,雅培菁挚1段奶粉,3
942190389222,伊利睿护1段奶粉,539152305127,雅培菁智纯净奶粉1.,3
942190389222,伊利睿护1段奶粉,539152305128,雅培菁挚纯净1段,3
942190389222,伊利睿护1段奶粉,376017901011,合生元1段奶粉.,3
942190389222,伊利睿护1段奶粉,692224470004,雅培金装亲体奶粉1.,3
942190389222,伊利睿护1段奶粉,376017040008,合生元超级呵护I.,3
942190389222,伊利睿护1段奶粉,692229857396,圣元优博盖诺安1,3
942190389222,伊利睿护1段奶粉,690799263425,金领冠珍护1段奶,3
942190389222,伊利睿护1段奶粉,690799263132,金领冠1段罐.,3
942190389222,伊利睿护1段奶粉,370103241044,圣元盖诺安1段,3
942190389222,伊利睿护1段奶粉,691787805199,雀巢能恩1段奶粉,3
942190389222,伊利睿护1段奶粉,690459101684,贝因美爱+1段400G,3
942190389222,伊利睿护1段奶粉,690799263367,金领冠呵护婴儿奶粉,3
942190389222,伊利睿护1段奶粉,690459100323,贝因美爱+1段罐.,3
942190389222,伊利睿护1段奶粉,370103241014,圣元优博瑞慕1段,3
942190389207,培然幼儿配方奶粉,871620071927,美素佳儿3段奶粉,3
942190389207,培然幼儿配方奶粉,871204503129,美赞臣铂睿3罐装,3
942190389207,培然幼儿配方奶粉,871204503550,美赞臣荷兰版箱装,3
942190389207,培然幼儿配方奶粉,400897652761,爱他美3段.,3
942190389207,培然幼儿配方奶粉,761303502391,惠氏铂臻幼儿乐,3
942190389207,培然幼儿配方奶粉,691645700235,美赞臣安儿宝罐装.,3
942190389207,培然幼儿配方奶粉,871620071321,皇家美素3段奶粉,3
942190389207,培然幼儿配方奶粉,240000281538,美素佳儿奶粉3箱,3
942190389207,培然幼儿配方奶粉,376017040005,合生元婴儿奶粉3.,3
942190389207,培然幼儿配方奶粉,761303526019,惠氏启赋3段奶粉,3
942190389207,培然幼儿配方奶粉,871204503180,蓝臻幼儿配方奶粉,3
942190389207,培然幼儿配方奶粉,694975633036,惠氏幼儿乐900G,3
942190389207,培然幼儿配方奶粉,539152305421,雅培铂优3段奶粉,3
942190389207,培然幼儿配方奶粉,761303598297,惠氏启赋有机奶粉3,3
942190389207,培然幼儿配方奶粉,286432863093,启赋3段900G箱.,3
942190389207,培然幼儿配方奶粉,871811760594,爱他美卓萃奶粉3,3
942190389207,培然幼儿配方奶粉,871811760515,诺优能3段.,3
942190389207,培然幼儿配方奶粉,693290470845,雅培小安素奶粉罐.,3
942190389207,培然幼儿配方奶粉,761303639758,惠氏启赋蕴淳3段,3
942190389207,培然幼儿配方奶粉,240000267980,爱他美3段整箱装,3
942190389207,培然幼儿配方奶粉,692224470006,雅培亲体奶粉罐3.,3
942190389207,培然幼儿配方奶粉,376017901008,合生元超金/派星3,3
942190389207,培然幼儿配方奶粉,888647210104,惠氏金装新膳儿加4,3
942190389207,培然幼儿配方奶粉,571244900006,雅培菁挚3段奶粉,3
942190389207,培然幼儿配方奶粉,240000243196,诺优能3段箱装.,3
942190389207,培然幼儿配方奶粉,376017901013,合生元呵护3段.,3
942190389207,培然幼儿配方奶粉,871204503102,安儿宝亲舒罐.,3
942190389207,培然幼儿配方奶粉,761303595604,雀巢超级能恩奶粉3.,3
942190389207,培然幼儿配方奶粉,888647210008,惠氏金装新膳儿加,3
942190389207,培然幼儿配方奶粉,539152305130,雅培菁挚纯净3段,3
942190389207,培然幼儿配方奶粉,370103241046,圣元盖诺安3段,3
942190389207,培然幼儿配方奶粉,690799263134,金领冠3段奶粉.,3
942190389207,培然幼儿配方奶粉,691787805213,雀巢能恩3段奶粉,3
942190389207,培然幼儿配方奶粉,370103241016,圣元优博瑞慕3段,3
942190389207,培然幼儿配方奶粉,690799263427,金领冠珍护3段奶,3
942190389207,培然幼儿配方奶粉,539152305440,雅培铂优3段箱装,3
942190389207,培然幼儿配方奶粉,942190389222,伊利睿护3段奶粉,3
942190389207,培然幼儿配方奶粉,571244900011,雅培菁挚有机3箱,3
942190389207,培然幼儿配方奶粉,692229857400,圣元优博盖诺安3,3
942190389207,培然幼儿配方奶粉,690799263369,伊利呵护/菁护3,3
942190389207,培然幼儿配方奶粉,240000252635,美赞臣蓝臻3箱装,3
942190389207,培然幼儿配方奶粉,539152305524,雅培菁挚纯净3箱,3
942190389207,培然幼儿配方奶粉,376017901010,合生元超呵婴儿3.,3
942190389207,培然幼儿配方奶粉,240000259542,皇家美素3段箱装,3
942190389207,培然幼儿配方奶粉,761303595605,雀巢超级能恩整箱装,3
942190389207,培然幼儿配方奶粉,690459100328,贝爱+幼儿奶粉.,3
942190389207,培然幼儿配方奶粉,690459100903,贝经典优选幼儿奶粉,3
942190389207,培然幼儿配方奶粉,690164205104,享氏超值装营养米粉,3
942190389207,培然幼儿配方奶粉,871620071922,美素佳儿2段奶粉,3
942190389206,培然较大婴儿配方奶,871620071922,美素佳儿2段奶粉,3
942190389206,培然较大婴儿配方奶,871204503064,美赞臣铂睿2罐装,3
942190389206,培然较大婴儿配方奶,761303526023,惠氏启赋2段奶粉,3
942190389206,培然较大婴儿配方奶,871620071300,皇家美素2段奶粉,3
942190389206,培然较大婴儿配方奶,400897652760,爱宝美2段.,3
942190389206,培然较大婴儿配方奶,871204503067,安婴宝荷兰版400.,3
942190389206,培然较大婴儿配方奶,761303502395,惠氏铂臻健儿乐,3
942190389206,培然较大婴儿配方奶,871811760285,诺贝能2段.,3
942190389206,培然较大婴儿配方奶,761303526021,惠氏启赋罐装奶粉2,3
942190389206,培然较大婴儿配方奶,871204503178,蓝臻较大婴儿奶粉,3
942190389206,培然较大婴儿配方奶,539152305420,雅培铂优2段奶粉,3
942190389206,培然较大婴儿配方奶,691645700232,美赞臣安婴宝罐装.,3
942190389206,培然较大婴儿配方奶,871811760593,爱宝美白金版奶粉2,3
942190389206,培然较大婴儿配方奶,761303598225,惠氏启赋有机奶粉2,3
942190389206,培然较大婴儿配方奶,871204503049,安婴宝亲舒罐850G,3
942190389206,培然较大婴儿配方奶,376017040004,合生元较大婴儿.,3
942190389206,培然较大婴儿配方奶,694975632035,惠氏金装健儿乐奶粉,3
942190389206,培然较大婴儿配方奶,376017040007,合生元超金/派星2,3
942190389206,培然较大婴儿配方奶,871204503048,安婴宝亲舒罐400G,3
942190389206,培然较大婴儿配方奶,871204503177,蓝臻较大婴儿奶粉,3
942190389206,培然较大婴儿配方奶,761303639746,惠氏启赋蕴淳2段,3
942190389206,培然较大婴儿配方奶,693290470927,雅培亲护2段奶粉.,3
942190389206,培然较大婴儿配方奶,694975632036,惠氏金装健儿乐奶粉,3
942190389206,培然较大婴儿配方奶,871204503661,美赞臣铂睿2箱装,3
942190389206,培然较大婴儿配方奶,692224470005,雅培亲体2段听,3
942190389206,培然较大婴儿配方奶,571244900005,雅培菁智奶粉2.,3
942190389206,培然较大婴儿配方奶,539152305129,雅培菁挚纯净2段,3
942190389206,培然较大婴儿配方奶,690799263426,金领冠珍护2段奶,3
942190389206,培然较大婴儿配方奶,376017901012,合生元阿尔法星2,3
942190389206,培然较大婴儿配方奶,370103241015,圣元优博瑞慕2段,3
942190389206,培然较大婴儿配方奶,376017901009,合生元超呵较大婴..,3
942190389206,培然较大婴儿配方奶,370103241045,圣元盖诺安2段,3
942190389206,培然较大婴儿配方奶,942190389221,伊利睿护2段奶粉,3
942190389206,培然较大婴儿配方奶,692229857398,圣元优博盖诺安2,3
942190389206,培然较大婴儿配方奶,690799263368,呵护较大婴儿奶粉.,3
942190389206,培然较大婴儿配方奶,691787805278,雀巢能恩2段奶粉,3
942190389206,培然较大婴儿配方奶,690459100325,贝因美爱+2段罐.,3
942190389206,培然较大婴儿配方奶,690459100902,贝经典优选大婴奶粉,3
942190389206,培然较大婴儿配方奶,871620071927,美素佳儿3段奶粉,3
942190389206,培然较大婴儿配方奶,690164205104,享氏超值装营养米粉,3
942190389206,培然较大婴儿配方奶,692195665520,亨氏西兰花香菇面.,3
942190389206,培然较大婴儿配方奶,871620071932,美素佳儿4段奶粉,3
942190389206,培然较大婴儿配方奶,871204503129,美赞臣铂睿3罐装,3
942190389206,培然较大婴儿配方奶,692195665612,亨氏苹果草莓Q.,3
942190389206,培然较大婴儿配方奶,690164204512,亨氏蔬菜磨牙棒.,3
942190389206,培然较大婴儿配方奶,692195665504,菠菜面条.,3
942190389206,培然较大婴儿配方奶,691787803110,嘉宝营养配方米粉,3
942190389206,培然较大婴儿配方奶,692195665614,亨氏苹果蓝莓Q.,3
942190389206,培然较大婴儿配方奶,690164288880,亨氏铁锌钙米粉,3
942190389205,培然婴儿配方奶粉,34570700123,惠氏金装爱儿复奶粉,3
942190389205,培然婴儿配方奶粉,871620071916,美素力1段奶粉,3
942190389205,培然婴儿配方奶粉,871620071918,美素力1段奶粉,3
942190389205,培然婴儿配方奶粉,871204503063,安婴儿荷兰版850.,3
942190389205,培然婴儿配方奶粉,871204503066,安婴儿荷兰版400.,3
942190389205,培然婴儿配方奶粉,761303526026,惠氏启赋1段奶粉,3
942190389205,培然婴儿配方奶粉,871620071298,皇家美素1段奶粉,3
942190389205,培然婴儿配方奶粉,871204503175,美赞臣蓝臻奶粉,3
942190389205,培然婴儿配方奶粉,871620071333,皇家美素力1段,3
942190389205,培然婴儿配方奶粉,871204503176,蓝臻婴儿配方奶粉,3
942190389205,培然婴儿配方奶粉,761303502437,惠氏铂臻爱儿乐,3
942190389205,培然婴儿配方奶粉,693290470987,雅培亲护3段奶粉.,3
942190389205,培然婴儿配方奶粉,400897652686,爱他美1段,3
942190389205,培然婴儿配方奶粉,539152305487,雅培亲体1段奶粉.,3
942190389205,培然婴儿配方奶粉,761303526032,惠氏启赋1段奶粉,3
942190389205,培然婴儿配方奶粉,871811760178,诺优能1段,3
942190389205,培然婴儿配方奶粉,761303639744,惠氏启赋蕴淳1段,3
942190389205,培然婴儿配方奶粉,571244900003,雅培菁智奶粉1段.,3
942190389205,培然婴儿配方奶粉,871811760592,爱他美卓萃奶粉1,3
942190389205,培然婴儿配方奶粉,691645700228,美赞臣安婴儿罐装.,3
942190389205,培然婴儿配方奶粉,693290470914,雅培亲护1段奶粉.,3
942190389205,培然婴儿配方奶粉,376017040010,合生元超金奶粉,3
942190389205,培然婴儿配方奶粉,539152305419,雅培亲体爱尔兰1,3
942190389205,培然婴儿配方奶粉,871204503046,安婴儿亲舒罐 400,3
942190389205,培然婴儿配方奶粉,376017901074,合生元金装奶粉,3
942190389205,培然婴儿配方奶粉,694975631034,惠氏爱儿乐1段400,3
942190389205,培然婴儿配方奶粉,376017040003,合生元金装1段.,3
942190389205,培然婴儿配方奶粉,693290470904,雅培亲护1段奶粉.,3
942190389205,培然婴儿配方奶粉,376017040006,合生元超金/派星1,3
942190389205,培然婴儿配方奶粉,30008718004,惠氏金装爱儿加奶粉,3
942190389205,培然婴儿配方奶粉,871204503047,安婴儿亲舒罐850,3
942190389205,培然婴儿配方奶粉,761303598223,惠氏启赋有机奶粉1,3
942190389205,培然婴儿配方奶粉,694975631035,惠氏爱儿乐1段900,3
942190389205,培然婴儿配方奶粉,693290470929,雅培婴儿配方奶粉,3
942190389205,培然婴儿配方奶粉,571244900004,雅培菁挚1段奶粉,3
942190389205,培然婴儿配方奶粉,539152305127,雅培菁智纯净奶粉1.,3
942190389205,培然婴儿配方奶粉,539152305128,雅培菁挚纯净1段,3
942190389205,培然婴儿配方奶粉,376017901011,合生元1段奶粉.,3
942190389205,培然婴儿配方奶粉,692224470004,雅培金装亲体奶粉1.,3
942190389205,培然婴儿配方奶粉,376017040008,合生元超级呵护I.,3
942190389205,培然婴儿配方奶粉,692229857396,圣元优博盖诺安1,3
942190389205,培然婴儿配方奶粉,690799263425,金领冠珍护1段奶,3
942190389205,培然婴儿配方奶粉,942190389220,伊利睿护1段奶粉,3
942190389205,培然婴儿配方奶粉,690799263132,金领冠1段罐.,3
942190389205,培然婴儿配方奶粉,370103241044,圣元盖诺安1段,3
942190389205,培然婴儿配方奶粉,691787805199,雀巢能恩1段奶粉,3
942190389205,培然婴儿配方奶粉,690459101684,贝因美爱+1段400G,3
942190389205,培然婴儿配方奶粉,690799263367,金领冠呵护婴儿奶粉,3
942190389205,培然婴儿配方奶粉,690459100323,贝因美爱+1段罐.,3
942190389205,培然婴儿配方奶粉,370103241014,圣元优博瑞慕1段,3
940314200194,I新迷你跳跳糖巧,317328145032,I.JACQUOT黑巧80%,3
940314200194,I新迷你跳跳糖巧,317328145055,I.JACQUOT黑巧70%,3
940314200194,I新迷你跳跳糖巧,940314200227,I新榛子巧克力P,3
940314200194,I新迷你跳跳糖巧,940314200229,I新扁桃仁巧克力P,3
940314200194,I新迷你跳跳糖巧,940314200226,I新惠特克巧克力P,3
940314200194,I新迷你跳跳糖巧,317328145081,I.JACQUOT可仁黑巧,3
940314200194,I新迷你跳跳糖巧,940314200225,I新惠特克牛奶巧P,3
940314200194,I新迷你跳跳糖巧,940314200238,I新惠特克72黑巧P,3
940314200194,I新迷你跳跳糖巧,940314200224,I新扁桃葡萄巧克P,3
940314200194,I新迷你跳跳糖巧,940314200182,I新桃仁蔓越黑巧P,3
940314200194,I新迷你跳跳糖巧,691497360666,士力架4送1装.,3
940314200194,I新迷你跳跳糖巧,691497360940,士力架促销装巧克力,3
940314200194,I新迷你跳跳糖巧,800050012635,健达奇趣蛋女孩T3,3
940314200194,I新迷你跳跳糖巧,800050012638,健达奇趣蛋男孩T3,3
940314200194,I新迷你跳跳糖巧,8017764,健达牛奶巧克力.P,3
940314200194,I新迷你跳跳糖巧,8097451,健达奇趣蛋男生版T1,3
940314200194,I新迷你跳跳糖巧,8076828,健达奇趣蛋女孩版T1,3
940314200194,I新迷你跳跳糖巧,8031092,健达奇趣蛋T1,3
940314200194,I新迷你跳跳糖巧,691497360392,M&M'S 妙趣混合碗,3
940314200194,I新迷你跳跳糖巧,691497360425,德芙丝滑牛奶巧碗,3
940314200194,I新迷你跳跳糖巧,691497320613,士力架家庭装460G.,3
940314200194,I新迷你跳跳糖巧,691497360391,M&M'S妙趣牛奶碗,3
940314200194,I新迷你跳跳糖巧,691497310540,M&M'S牛奶巧克力.P,3
940314200194,I新迷你跳跳糖巧,8005030,费列罗巧克力T3.P,3
940314200194,I新迷你跳跳糖巧,691497360930,德芙抹茶酸奶超值装,3
940314200194,I新迷你跳跳糖巧,8017763,健达牛奶巧克力T4,3
940314200194,I新迷你跳跳糖巧,691497360429,德芙什锦巧克力碗,3
940314200194,I新迷你跳跳糖巧,800050000381,费列罗巧克力T16.,3
940314200194,I新迷你跳跳糖巧,691497320400,士力架花生巧克力.,3
940314200194,I新迷你跳跳糖巧,691497360783,麦提莎牛奶巧53G,3
940314200194,I新迷你跳跳糖巧,691497360430,德芙白巧克力碗装,3
940314200194,I新迷你跳跳糖巧,691497310541,M&M'S花生巧克力.P,3
940314200194,I新迷你跳跳糖巧,691497320071,脆香米分享装.,3
940314200194,I新迷你跳跳糖巧,691497360426,德芙香浓黑巧碗装,3
940314200194,I新迷你跳跳糖巧,691497360745,德芙草莓白巧40G,3
940314200194,I新迷你跳跳糖巧,694283670545,KISSES超值装246G,3
940314200194,I新迷你跳跳糖巧,691497360818,德芙巴旦木巧35G,3
940314200194,I新迷你跳跳糖巧,800050001681,健达缤纷巧克力T6.P,3
940314200194,I新迷你跳跳糖巧,691497360238,脆香米牛奶巧克力.P,3
940314200194,I新迷你跳跳糖巧,800050000505,费列罗榛果威T8.,3
940314200194,I新迷你跳跳糖巧,8005251,拉斐尔椰蓉酥球T3.P,3
940314200194,I新迷你跳跳糖巧,694283670600,好时曲奇奶香巧袋,3
940314200194,I新迷你跳跳糖巧,691497360715,士力架燕麦排块,3
940314200194,I新迷你跳跳糖巧,694283670382,好时曲奇巧克力袋,3
940314200194,I新迷你跳跳糖巧,691497360743,德芙抹茶白巧40G,3
940314200194,I新迷你跳跳糖巧,691497360637,德芙抹茶曲奇白巧,3
940314200194,I新迷你跳跳糖巧,691497360588,德芙黑巧2送1,3
940314200194,I新迷你跳跳糖巧,691497360639,德芙草莓曲奇白巧,3
940314200194,I新迷你跳跳糖巧,691497360455,德芙心语巧克力礼,3
934371800549,澳洲精制牛肉糜.,240000273858,恒都澳洲儿童牛排.,3
934371800549,澳洲精制牛肉糜.,934371800540,澳洲牡蛎牛排.,3
934371800549,澳洲精制牛肉糜.,934371800541,澳洲西冷牛排.,3
934371800549,澳洲精制牛肉糜.,240000242958,冻牛腩.,3
934371800549,澳洲精制牛肉糜.,240000242960,冻牛肩肉.,3
934371800549,澳洲精制牛肉糜.,934371800546,澳洲牛肉丁.,3
934371800549,澳洲精制牛肉糜.,934371800545,澳洲牛肋条肉.,3
934371800549,澳洲精制牛肉糜.,240000242959,冻牛腱.,3
934371800549,澳洲精制牛肉糜.,934371800544,澳洲键子牛肉.,3
934371800549,澳洲精制牛肉糜.,934371800543,澳洲前胸牛肉.,3
934371800549,澳洲精制牛肉糜.,240000266468,进口冻牛腱.,3
934371800549,澳洲精制牛肉糜.,240000273790,火锅料鲜肥牛#,3
934371800549,澳洲精制牛肉糜.,240000273793,冷鲜牛肉#,3
934371800549,澳洲精制牛肉糜.,240000273795,冷鲜牛肉丝#,3
934371800549,澳洲精制牛肉糜.,240000253723,冻牛排.,3
934371800549,澳洲精制牛肉糜.,240000273796,冷鲜牛肉片#,3
934371800549,澳洲精制牛肉糜.,240000273798,冷鲜牛肉馅#,3
934371800549,澳洲精制牛肉糜.,240000273794,冷鲜牛肉丁#,3
934371800549,澳洲精制牛肉糜.,240000273788,火锅料鲜五花趾#,3
934371800549,澳洲精制牛肉糜.,240000273791,冷鲜牛腩#,3
934371800549,澳洲精制牛肉糜.,240000273792,冷鲜牛腱#,3
934371800549,澳洲精制牛肉糜.,240000273789,火锅料鲜三花趾#,3
934371800549,澳洲精制牛肉糜.,240000269021,精制牛肉块.,3
934371800549,澳洲精制牛肉糜.,240000250707,菲力扒T.,3
934371800549,澳洲精制牛肉糜.,240000250706,西冷扒T.,3
934371800549,澳洲精制牛肉糜.,240000250705,眼肉扒T.,3
934371800549,澳洲精制牛肉糜.,240000261103,贴体海盐外脊牛排T.,3
934371800549,澳洲精制牛肉糜.,240000273797,冷鲜牛肋条#,3
934371800549,澳洲精制牛肉糜.,240000261105,贴体黑椒外脊牛排T.,3
934371800549,澳洲精制牛肉糜.,240000250708,嫩肩里脊扒T.,3
934371800549,澳洲精制牛肉糜.,240000261102,贴体黑椒菲力牛排T.,3
934371800549,澳洲精制牛肉糜.,240000242552,鲜牛肩肉.,3
934371800549,澳洲精制牛肉糜.,240000261107,贴体金沙眼肉牛排T.,3
934371800549,澳洲精制牛肉糜.,240000273857,恒都澳洲儿童牛排#,3
934371800549,澳洲精制牛肉糜.,240000238651,鲜牛腩.,3
934371800549,澳洲精制牛肉糜.,240000269022,精制牛肉块#,3
934371800548,澳洲牛肉丁.,240000273858,恒都澳洲儿童牛排.,3
934371800548,澳洲牛肉丁.,934371800540,澳洲牡蛎牛排.,3
934371800548,澳洲牛肉丁.,934371800541,澳洲西冷牛排.,3
934371800548,澳洲牛肉丁.,240000242958,冻牛腩.,3
934371800548,澳洲牛肉丁.,240000242960,冻牛肩肉.,3
934371800548,澳洲牛肉丁.,934371800545,澳洲牛肋条肉.,3
934371800548,澳洲牛肉丁.,934371800547,澳洲精制牛肉糜.,3
934371800548,澳洲牛肉丁.,240000242959,冻牛腱.,3
934371800548,澳洲牛肉丁.,934371800544,澳洲键子牛肉.,3
934371800548,澳洲牛肉丁.,934371800543,澳洲前胸牛肉.,3
934371800548,澳洲牛肉丁.,240000266468,进口冻牛腱.,3
934371800548,澳洲牛肉丁.,240000273790,火锅料鲜肥牛#,3
934371800548,澳洲牛肉丁.,240000273793,冷鲜牛肉#,3
934371800548,澳洲牛肉丁.,240000273795,冷鲜牛肉丝#,3
934371800548,澳洲牛肉丁.,240000253723,冻牛排.,3
934371800548,澳洲牛肉丁.,240000273796,冷鲜牛肉片#,3
934371800548,澳洲牛肉丁.,240000273798,冷鲜牛肉馅#,3
934371800548,澳洲牛肉丁.,240000273794,冷鲜牛肉丁#,3
934371800548,澳洲牛肉丁.,240000273788,火锅料鲜五花趾#,3
934371800548,澳洲牛肉丁.,240000273791,冷鲜牛腩#,3
934371800548,澳洲牛肉丁.,240000273792,冷鲜牛腱#,3
934371800548,澳洲牛肉丁.,240000273789,火锅料鲜三花趾#,3
934371800548,澳洲牛肉丁.,240000269021,精制牛肉块.,3
934371800548,澳洲牛肉丁.,240000250707,菲力扒T.,3
934371800548,澳洲牛肉丁.,240000250706,西冷扒T.,3
934371800548,澳洲牛肉丁.,240000250705,眼肉扒T.,3
934371800548,澳洲牛肉丁.,240000261103,贴体海盐外脊牛排T.,3
934371800548,澳洲牛肉丁.,240000273797,冷鲜牛肋条#,3
934371800548,澳洲牛肉丁.,240000261105,贴体黑椒外脊牛排T.,3
934371800548,澳洲牛肉丁.,240000250708,嫩肩里脊扒T.,3
934371800548,澳洲牛肉丁.,240000261102,贴体黑椒菲力牛排T.,3
934371800548,澳洲牛肉丁.,240000242552,鲜牛肩肉.,3
934371800548,澳洲牛肉丁.,240000261107,贴体金沙眼肉牛排T.,3
934371800548,澳洲牛肉丁.,240000273857,恒都澳洲儿童牛排#,3
934371800548,澳洲牛肉丁.,240000238651,鲜牛腩.,3
934371800548,澳洲牛肉丁.,240000269022,精制牛肉块#,3
934371800547,澳洲牛肋条肉.,240000273858,恒都澳洲儿童牛排.,3
934371800547,澳洲牛肋条肉.,934371800540,澳洲牡蛎牛排.,3
934371800547,澳洲牛肋条肉.,934371800541,澳洲西冷牛排.,3
934371800547,澳洲牛肋条肉.,240000242958,冻牛腩.,3
934371800547,澳洲牛肋条肉.,240000242960,冻牛肩肉.,3
934371800547,澳洲牛肋条肉.,934371800546,澳洲牛肉丁.,3
934371800547,澳洲牛肋条肉.,934371800547,澳洲精制牛肉糜.,3
934371800547,澳洲牛肋条肉.,240000242959,冻牛腱.,3
934371800547,澳洲牛肋条肉.,934371800544,澳洲键子牛肉.,3
934371800547,澳洲牛肋条肉.,934371800543,澳洲前胸牛肉.,3
934371800547,澳洲牛肋条肉.,240000266468,进口冻牛腱.,3
934371800547,澳洲牛肋条肉.,240000273790,火锅料鲜肥牛#,3
934371800547,澳洲牛肋条肉.,240000273793,冷鲜牛肉#,3
934371800547,澳洲牛肋条肉.,240000273795,冷鲜牛肉丝#,3
934371800547,澳洲牛肋条肉.,240000253723,冻牛排.,3
934371800547,澳洲牛肋条肉.,240000273796,冷鲜牛肉片#,3
934371800547,澳洲牛肋条肉.,240000273798,冷鲜牛肉馅#,3
934371800547,澳洲牛肋条肉.,240000273794,冷鲜牛肉丁#,3
934371800547,澳洲牛肋条肉.,240000273788,火锅料鲜五花趾#,3
934371800547,澳洲牛肋条肉.,240000273791,冷鲜牛腩#,3
934371800547,澳洲牛肋条肉.,240000273792,冷鲜牛腱#,3
934371800547,澳洲牛肋条肉.,240000273789,火锅料鲜三花趾#,3
934371800547,澳洲牛肋条肉.,240000269021,精制牛肉块.,3
934371800547,澳洲牛肋条肉.,240000250707,菲力扒T.,3
934371800547,澳洲牛肋条肉.,240000250706,西冷扒T.,3
934371800547,澳洲牛肋条肉.,240000250705,眼肉扒T.,3
934371800547,澳洲牛肋条肉.,240000261103,贴体海盐外脊牛排T.,3
934371800547,澳洲牛肋条肉.,240000273797,冷鲜牛肋条#,3
934371800547,澳洲牛肋条肉.,240000261105,贴体黑椒外脊牛排T.,3
934371800547,澳洲牛肋条肉.,240000250708,嫩肩里脊扒T.,3
934371800547,澳洲牛肋条肉.,240000261102,贴体黑椒菲力牛排T.,3
934371800547,澳洲牛肋条肉.,240000242552,鲜牛肩肉.,3
934371800547,澳洲牛肋条肉.,240000261107,贴体金沙眼肉牛排T.,3
934371800547,澳洲牛肋条肉.,240000273857,恒都澳洲儿童牛排#,3
934371800547,澳洲牛肋条肉.,240000238651,鲜牛腩.,3
934371800547,澳洲牛肋条肉.,240000269022,精制牛肉块#,3
934371800546,澳洲键子牛肉.,240000273858,恒都澳洲儿童牛排.,3
934371800546,澳洲键子牛肉.,934371800540,澳洲牡蛎牛排.,3
934371800546,澳洲键子牛肉.,934371800541,澳洲西冷牛排.,3
934371800546,澳洲键子牛肉.,240000242958,冻牛腩.,3
934371800546,澳洲键子牛肉.,240000242960,冻牛肩肉.,3
934371800546,澳洲键子牛肉.,934371800546,澳洲牛肉丁.,3
934371800546,澳洲键子牛肉.,934371800545,澳洲牛肋条肉.,3
934371800546,澳洲键子牛肉.,934371800547,澳洲精制牛肉糜.,3
934371800546,澳洲键子牛肉.,240000242959,冻牛腱.,3
934371800546,澳洲键子牛肉.,934371800543,澳洲前胸牛肉.,3
934371800546,澳洲键子牛肉.,240000266468,进口冻牛腱.,3
934371800546,澳洲键子牛肉.,240000273790,火锅料鲜肥牛#,3
934371800546,澳洲键子牛肉.,240000273793,冷鲜牛肉#,3
934371800546,澳洲键子牛肉.,240000273795,冷鲜牛肉丝#,3
934371800546,澳洲键子牛肉.,240000253723,冻牛排.,3
934371800546,澳洲键子牛肉.,240000273796,冷鲜牛肉片#,3
934371800546,澳洲键子牛肉.,240000273798,冷鲜牛肉馅#,3
934371800546,澳洲键子牛肉.,240000273794,冷鲜牛肉丁#,3
934371800546,澳洲键子牛肉.,240000273788,火锅料鲜五花趾#,3
934371800546,澳洲键子牛肉.,240000273791,冷鲜牛腩#,3
934371800546,澳洲键子牛肉.,240000273792,冷鲜牛腱#,3
934371800546,澳洲键子牛肉.,240000273789,火锅料鲜三花趾#,3
934371800546,澳洲键子牛肉.,240000269021,精制牛肉块.,3
934371800546,澳洲键子牛肉.,240000250707,菲力扒T.,3
934371800546,澳洲键子牛肉.,240000250706,西冷扒T.,3
934371800546,澳洲键子牛肉.,240000250705,眼肉扒T.,3
934371800546,澳洲键子牛肉.,240000261103,贴体海盐外脊牛排T.,3
934371800546,澳洲键子牛肉.,240000273797,冷鲜牛肋条#,3
934371800546,澳洲键子牛肉.,240000261105,贴体黑椒外脊牛排T.,3
934371800546,澳洲键子牛肉.,240000250708,嫩肩里脊扒T.,3
934371800546,澳洲键子牛肉.,240000261102,贴体黑椒菲力牛排T.,3
934371800546,澳洲键子牛肉.,240000242552,鲜牛肩肉.,3
934371800546,澳洲键子牛肉.,240000261107,贴体金沙眼肉牛排T.,3
934371800546,澳洲键子牛肉.,240000273857,恒都澳洲儿童牛排#,3
934371800546,澳洲键子牛肉.,240000238651,鲜牛腩.,3
934371800546,澳洲键子牛肉.,240000269022,精制牛肉块#,3
934371800545,澳洲前胸牛肉.,240000273858,恒都澳洲儿童牛排.,3
934371800545,澳洲前胸牛肉.,934371800540,澳洲牡蛎牛排.,3
934371800545,澳洲前胸牛肉.,934371800541,澳洲西冷牛排.,3
934371800545,澳洲前胸牛肉.,240000242958,冻牛腩.,3
934371800545,澳洲前胸牛肉.,240000242960,冻牛肩肉.,3
934371800545,澳洲前胸牛肉.,934371800546,澳洲牛肉丁.,3
934371800545,澳洲前胸牛肉.,934371800545,澳洲牛肋条肉.,3
934371800545,澳洲前胸牛肉.,934371800547,澳洲精制牛肉糜.,3
934371800545,澳洲前胸牛肉.,240000242959,冻牛腱.,3
934371800545,澳洲前胸牛肉.,934371800544,澳洲键子牛肉.,3
934371800545,澳洲前胸牛肉.,240000266468,进口冻牛腱.,3
934371800545,澳洲前胸牛肉.,240000273790,火锅料鲜肥牛#,3
934371800545,澳洲前胸牛肉.,240000273793,冷鲜牛肉#,3
934371800545,澳洲前胸牛肉.,240000273795,冷鲜牛肉丝#,3
934371800545,澳洲前胸牛肉.,240000253723,冻牛排.,3
934371800545,澳洲前胸牛肉.,240000273796,冷鲜牛肉片#,3
934371800545,澳洲前胸牛肉.,240000273798,冷鲜牛肉馅#,3
934371800545,澳洲前胸牛肉.,240000273794,冷鲜牛肉丁#,3
934371800545,澳洲前胸牛肉.,240000273788,火锅料鲜五花趾#,3
934371800545,澳洲前胸牛肉.,240000273791,冷鲜牛腩#,3
934371800545,澳洲前胸牛肉.,240000273792,冷鲜牛腱#,3
934371800545,澳洲前胸牛肉.,240000273789,火锅料鲜三花趾#,3
934371800545,澳洲前胸牛肉.,240000269021,精制牛肉块.,3
934371800545,澳洲前胸牛肉.,240000250707,菲力扒T.,3
934371800545,澳洲前胸牛肉.,240000250706,西冷扒T.,3
934371800545,澳洲前胸牛肉.,240000250705,眼肉扒T.,3
934371800545,澳洲前胸牛肉.,240000261103,贴体海盐外脊牛排T.,3
934371800545,澳洲前胸牛肉.,240000273797,冷鲜牛肋条#,3
934371800545,澳洲前胸牛肉.,240000261105,贴体黑椒外脊牛排T.,3
934371800545,澳洲前胸牛肉.,240000250708,嫩肩里脊扒T.,3
934371800545,澳洲前胸牛肉.,240000261102,贴体黑椒菲力牛排T.,3
934371800545,澳洲前胸牛肉.,240000242552,鲜牛肩肉.,3
934371800545,澳洲前胸牛肉.,240000261107,贴体金沙眼肉牛排T.,3
934371800545,澳洲前胸牛肉.,240000273857,恒都澳洲儿童牛排#,3
934371800545,澳洲前胸牛肉.,240000238651,鲜牛腩.,3
934371800545,澳洲前胸牛肉.,240000269022,精制牛肉块#,3
931029701169,奔富BIN28干红,841026120603,I西班牙DS红酒.,3
931029701169,奔富BIN28干红,932221400625,I澳黄尾西拉红酒,3
931029701169,奔富BIN28干红,933639900091,首彩88经典梅洛红,3
931029701169,奔富BIN28干红,350061008232,I法芳汀杜莎红酒.,3
931029701169,奔富BIN28干红,933961701089,皇家骑士赤霞珠干红,3
931029701169,奔富BIN28干红,376028000110,兰悦庄园红葡萄酒,3
931029701169,奔富BIN28干红,931029700533,I澳RR赤霞珠红酒.,3
931029701169,奔富BIN28干红,931029700517,I澳RR梅洛红酒.,3
931029701169,奔富BIN28干红,780465032005,智鹂卡曼尼红葡萄酒,3
931029701169,奔富BIN28干红,319812924598,拉维亭欧洲干红酒,3
931029701169,奔富BIN28干红,376022779094,拉马龙酒庄干红,3
931029701169,奔富BIN28干红,326381013569,I法GS梅洛红酒.,3
931029701169,奔富BIN28干红,931029701093,I奔富蔻兰山红酒,3
931029701169,奔富BIN28干红,780464049786,I智美琪梅洛红酒,3
931029701169,奔富BIN28干红,350061009312,I法普兰帝珍藏红酒,3
931029701169,奔富BIN28干红,841026140019,I西卢西诺红酒,3
931029701169,奔富BIN28干红,89201800241,弗利欧经典凯门干红,3
931029701169,奔富BIN28干红,933639900150,首彩88西拉,3
931029701169,奔富BIN28干红,350061009936,I法瓦伦丁丝红酒,3
931029701169,奔富BIN28干红,329632421613,拉菲传奇红葡萄酒,3
931029701169,奔富BIN28干红,2600225,I西马奎斯德诺红酒.,3
931029701169,奔富BIN28干红,326381014212,I法迷笛咖啡馆红酒.,3
931029701169,奔富BIN28干红,780465032003,智鹂赤霞珠红葡萄酒,3
931029701169,奔富BIN28干红,841041558078,I西百黛庄园红酒,3
